model,sequence
neural,ound
neural,rescealin
neural,smest
neural,"was',"
neural,"woke,"
neural,"parak"""
neural,ime
neural,jusity
neural,thavin
neural,"bets,"
neural,woulare
neural,partumy
neural,eappose
neural,"they,"
neural,"crulifultion,"
neural,byhter
neural,ent
neural,begand
neural,hadentereive
neural,"lay,"
neural,mays
neural,whe
neural,revenest
neural,butle
neural,efurn
neural,thound
neural,win.
neural,werhus
neural,gaustly
neural,ents
neural,nocartted
neural,athe
neural,ent
neural,oud
neural,havy
neural,"letter,"
neural,torthe
neural,watime
neural,blettlerse
neural,priestin
neural,feent
neural,hart;
neural,"theard,"
neural,alwe
neural,injurse
neural,dury
neural,ithe
neural,paread
neural,"bly,"
neural,"hared,"
neural,drips
neural,ads
neural,"hunge,"
neural,ack
neural,slight.
neural,yound
neural,bremonflea
neural,chere
neural,"adown,"
neural,andegaved
neural,"at,"
neural,demighramese
neural,cons
neural,thang
neural,hought
neural,ely
neural,"aps,"
neural,bute
neural,mon.
neural,bunnoure;
neural,repthoremer
neural,alne
neural,ine
neural,"whimel,"
neural,gerreen
neural,weacelthat
neural,upandmin.
neural,thery
neural,pret
neural,alling
neural,ste;
neural,treage
neural,hicame
neural,whou
neural,capt
neural,ung
neural,cov.
neural,hown
neural,norneveginstery
neural,liforequitivablaciel
neural,voinkin
neural,ther
neural,youtectioult.
neural,smaysidge.
neural,irre
neural,eyong
neural,"ener,"
neural,rens
neural,moser
neural,ded
neural,withissy
neural,agualenever
neural,natin
neural,apallatess
neural,fuld
neural,"son,"
neural,bad.
neural,eartioness
neural,nowe
neural,thimsid
neural,tords
neural,bew
neural,therse
neural,"mus,"
neural,thatlyysee
neural,theser
neural,"whil,"""
neural,anciand
neural,mactin
neural,vand
neural,thend
neural,havelf
neural,pation
neural,cought
neural,eves
neural,aing
neural,isexpromed
neural,tranotession
neural,hatibling
neural,"havert,"
neural,ex's
neural,"wasolds,"
neural,ecove
neural,sturs
neural,grock
neural,ful
neural,whas
neural,jurce
neural,catme
neural,meds
neural,ne.
neural,youlleganclocrucint.
neural,buted
neural,ands
neural,dend
neural,fentre
neural,"younimne,"
neural,gle
neural,dircus
neural,canded
neural,va.
neural,expesse
neural,ainst
neural,"an,"
neural,withauggled
neural,ch
neural,"stuate,"
neural,"thert,"
neural,thaved
neural,intle
neural,fackmed
neural,ne;
neural,com
neural,mery
neural,vadearly
neural,"atidany,"
neural,appes
neural,"overt,"
neural,"evere"""
neural,ous
neural,ohe
neural,notted
neural,ack
neural,scourne
neural,expled
neural,aon
neural,suce
neural,pas
neural,"""butsudiany"
neural,thavent
neural,disold
neural,throus
neural,bled
neural,havi'm
neural,quied
neural,frann
neural,"excen"""
neural,tinessmin.
neural,"""i"
neural,nows
neural,mansids
neural,twe
neural,nacquiress
neural,syche
neural,"thery."""
neural,"""ain,"
neural,"uncit,"
neural,"it,"
neural,unallision
neural,ve
neural,on.
neural,couracif
neural,ands
neural,therge
neural,eativend
neural,"ink,"
neural,whough
neural,upochim
neural,ensend
neural,ankabow
neural,whicted
neural,acke
neural,retworeat
neural,arfaverressend
neural,idittly
neural,knor
neural,"ithrovelled,"
neural,befulds
neural,wasseepanded
neural,thoundent
neural,theremblave
neural,frou
neural,thestra;
neural,betionne
neural,suphy
neural,preno
neural,ble
neural,cas
neural,"le,"
neural,"ithip,"
neural,"sop"""
neural,ingumor
neural,seentalmy
neural,"hainsits,"
neural,imaged
neural,ve
neural,aps
neural,hintell
neural,appecor
neural,foren
neural,nottervat
neural,pabous
neural,kno
neural,"dorned,"
neural,ane
neural,whe
neural,accurace.
neural,slarly
neural,emy
neural,ound
neural,ares
neural,thear
neural,gratrest
neural,viculs.
neural,clostramourepire
neural,wherbractiftedgen
neural,fas
neural,ter
neural,amprive
neural,thereationter
neural,cle
neural,ingent
neural,wolus
neural,thady
neural,int
neural,woodvively
neural,hes.
neural,"""ene,"
neural,conot
neural,ter
neural,nin
neural,caspicelf
neural,ustelin
neural,thiciese
neural,excitiminefole
neural,camenourd
neural,froul
neural,secion.
neural,hity
neural,huntistrucleto
neural,"mening,"
neural,"deacquire,"
neural,begatte
neural,pative
neural,beforsuatinand
neural,antionessm
neural,"pokinans,"
neural,dwereja
neural,nin't
neural,ead
neural,thled
neural,"re,"
neural,nin
neural,stiscleyour
neural,cou
neural,guishe
neural,voughoughow
neural,"sup,"
neural,vency.
neural,"las,"
neural,"""befunatioungthand"
neural,feathe
neural,"tolood,"
neural,unakentis
neural,sireyouse
neural,augglyese
neural,"marawjectly,"
neural,"""a"
neural,"ing,"
neural,hoppoench
neural,hoons;
neural,wacipich.
neural,qual
neural,ank.
neural,thouningre
neural,offisidank
neural,wheeman
neural,pers
neural,dencertage
neural,beffoughoody
neural,thich
neural,i.
neural,fing
neural,plifell
neural,tagremsees
neural,mays.
neural,ity
neural,sectertion
neural,clananat
neural,upoccomew
neural,yoully
neural,asce
neural,oncle
neural,ved
neural,thorre;
neural,sinthriestent
neural,mr.
neural,"""thory"
neural,ithe
neural,andethe
neural,fusleas
neural,"fectim,"
neural,amed
neural,veregavile
neural,ildlementsid
neural,"nothed,"
neural,tord
neural,thadear
neural,ene
neural,dely
neural,wevy
neural,ifegance;
neural,whinalanks
neural,"thessilds,"
neural,hookend
neural,orne
neural,eartus
neural,asy
neural,saing
neural,goin
neural,"teliffes,"
neural,fuld
neural,"welien,"
neural,lighey
neural,"thenknow,"
neural,trusecterecome
neural,whaday.
neural,and:
neural,befte
neural,hice
neural,holors.
neural,animilm.
neural,hund
neural,uspechat
neural,"sartleacess,"
neural,acally
neural,witamanne
neural,sorept
neural,me;
neural,rey
neural,deming
neural,hemt
neural,waseld
neural,anto
neural,prome
neural,veintenisloh
neural,"wins,"
neural,was.
neural,stersecions
neural,cits.
neural,"""sider,"
neural,anown
neural,thadow
neural,fus
neural,comethe
neural,conespoit
neural,"uppergurad,"
neural,nowee
neural,pence.
neural,"""ity"
neural,wought
neural,anglose
neural,vistast's
neural,"forteads"""
neural,rudertile
neural,usainteple
neural,com
neural,ande
neural,patealwas
neural,saten
neural,stregreand
neural,ive
neural,dreed
neural,possion
neural,ted;
neural,"and,"
neural,theal
neural,sce
neural,beed
neural,intlike
neural,haduccul
neural,deble
neural,der
neural,quesce
neural,chan
neural,staings
neural,dicur
neural,ther
neural,seve
neural,ecroad
neural,ling.
neural,altons
neural,ankgualog
neural,wereare
neural,therante.
neural,ard
neural,wilinstack
neural,wits
neural,o't
neural,expludden
neural,vallous:
neural,"""wall,"
neural,beclot
neural,ansmad
neural,suirent
neural,thught
neural,shime
neural,uted
neural,martion
neural,ined
neural,aus
neural,antemproarkhook
neural,"aps,"
neural,"thave,"
neural,replechant
neural,isfalsom
neural,ancion
neural,teas
neural,anever
neural,nows
neural,th.
neural,iferomes
neural,se.
neural,hatchory
neural,beforedge
neural,ento
neural,voicter
neural,yought.
neural,thereener
neural,ainessmang
neural,essequalettessain
neural,phy
neural,afterticut
neural,finzining
neural,seemends
neural,whatea.
neural,allustal
neural,whaliarly
neural,buttrative
neural,ext
neural,ther
neural,blead
neural,argill
neural,"""fortacroppithe"
neural,frould
neural,andeact
neural,dournow
neural,cared
neural,ation
neural,jessecton
neural,thadent
neural,haday.
neural,"i,"
neural,ter
neural,"fewebox,"
neural,agroth
neural,ime
neural,laccon
neural,throclont
neural,ifired
neural,abor
neural,knos.
neural,"""and"
neural,thancies
neural,marshe
neural,evoicar
neural,rettersyinat
neural,upexplay
neural,beinstion
neural,epless
neural,thydines.
neural,"""gat"
neural,in'tionly
neural,entaidefin
neural,beenuried
neural,onve
neural,seame
neural,butles
neural,ullins
neural,makented
neural,ition't
neural,verpove
neural,pree
neural,opichis
neural,"ad,"
neural,argonsigno
neural,wecit
neural,noth
neural,marnorandit
neural,"""eve"
neural,"all,"
neural,"eargesse,"
neural,en.
neural,itue
neural,tonexty
neural,sidariesplager
neural,"bly,"
neural,wity
neural,"demesirmeed,"
neural,wher.
neural,gre
neural,sevown.
neural,rerds
neural,coffor
neural,rall
neural,ocranined
neural,whis
neural,thad
neural,"waseirs,"
neural,"dwent,"
neural,naburinkabodis
neural,rousne
neural,throadchavied
neural,buten
neural,whinighopearer
neural,ims
neural,atte
neural,"my,"
neural,bece
neural,bles
neural,thaverret
neural,topon
neural,somake
neural,haded
neural,frioless
neural,"rume,"
neural,"""cons"
neural,dly
neural,"thembs,"
neural,almy
neural,muccall
neural,whad
neural,ougunguld
neural,buthey
neural,shime
neural,maked
neural,anned
neural,fourid
neural,thely
neural,holege
neural,abod
neural,eyours
neural,ther
neural,ded
neural,migull
neural,"beed,"
neural,"wers,"
neural,"wit"""
neural,oinfirsille
neural,lenisgraould
neural,aboursons
neural,que
neural,tis
neural,ine
neural,"cal,"
neural,"""and"
neural,efte
neural,theso
neural,"army,"
neural,ch
neural,im
neural,thisuddlerchis
neural,harbe
neural,trepand
neural,thwe
neural,hothen.
neural,"""wear"
neural,cures.
neural,ings
neural,asbitucter.
neural,eftencoat
neural,pran
neural,cus
neural,hourpe
neural,ir
neural,begus
neural,wastunin
neural,fleks
neural,hippred
neural,jus
neural,unt
neural,grome
neural,ther
neural,"saw,"
neural,beencove
neural,frovown.
neural,beawlegivellow
neural,wery
neural,millowd
neural,"pless,"
neural,whaver
neural,orre
neural,orusety
neural,forn
neural,spas
neural,ande
neural,retemiscamesancelues
neural,bervaptas
neural,"thadso,"
neural,improm
neural,wor
neural,thatiought;
neural,idech
neural,landeught
neural,thers
neural,behatulbor
neural,ths
neural,com
neural,pows
neural,ith
neural,ating
neural,bygginswas
neural,er.
neural,innecrater
neural,theursece
neural,drand
neural,iretchoweve
neural,sagarestrove
neural,thad
neural,ok
neural,ponly
neural,therewast
neural,rien
neural,fulrehow
neural,"faess,"
neural,ablented
neural,"affect,"
neural,shateve
neural,hichn
neural,theraid
neural,talthating
neural,thaveren
neural,shous
neural,farch
neural,"therevessem,"
neural,youstoo
neural,com
neural,nus
neural,fron
neural,sced
neural,go.
neural,foll
neural,anneame
neural,voinew
neural,twereake
neural,loysce
neural,hisiver
neural,manduppostimight;
neural,foll
neural,"ohspecaus,"
neural,sceste
neural,som
neural,exters
neural,spe.
neural,thente
neural,envesk
neural,bef
neural,tolesname.
neural,pecthoodiss
neural,extentravereme
neural,cre
neural,ughted
neural,ch;
neural,whe
neural,wop.
neural,leariand
neural,der
neural,"ving,"
neural,"""negave"
neural,fuld
neural,fleavoin
neural,wareacquad
neural,stred
neural,thempset.
neural,buillean
neural,ond
neural,posich
neural,voill
neural,lifel.
neural,ohad
neural,bopplesseforly
neural,wevown
neural,daids.
neural,fecul;
neural,wourtionnevaire;
neural,yonved
neural,meivessid
neural,ch
neural,easuese
neural,comand
neural,beeption
neural,symany
neural,wrall
neural,thiseceneempon
neural,ven
neural,wheamainenty
neural,"haserdh,"
neural,"spie,"
neural,wouras
neural,annevou
neural,ed
neural,ine
neural,ablue
neural,onar
neural,wasoverne
neural,jount:
neural,"""e"""
neural,stled
neural,lither
neural,mucerth
neural,"bam,"
neural,theang
neural,ely
neural,ears
neural,ifitterand
neural,thad
neural,lor
neural,"voby,"
neural,metionst
neural,upensomien
neural,hops
neural,ationions
neural,ponever
neural,extredge
neural,bers
neural,relwas
neural,curne
neural,"mosity,"
neural,fares
neural,crof
neural,goir
neural,angs
neural,gerritioned
neural,fection;
neural,theas
neural,mr.
neural,"pattes,"
neural,founquess
neural,concin
neural,in's
neural,obefor
neural,"theselembrow,"
neural,cre
neural,anilleng
neural,und
neural,ven
neural,effeall
neural,ictakeeks
neural,"yought,"
neural,fich
neural,theiragbe
neural,ludought
neural,"upoks,"
neural,fory
neural,prothing.
neural,"cork,"
neural,owen
neural,espon
neural,sity
neural,nourterm
neural,thad
neural,fic
neural,srannesond
neural,"nition,"
neural,cawat
neural,beforsawelt.
neural,"""new"
neural,thadestly
neural,aprut
neural,oceilas
neural,ity
neural,itumneoven
neural,le;
neural,ams.
neural,wers.
neural,"pabortelf,"
neural,sombleaps
neural,"ounuse,"
neural,vervold
neural,innut
neural,beento
neural,wal
neural,mewen
neural,cessureard
neural,"won,"
neural,ded
neural,madeemay
neural,hovenet
neural,mory
neural,cluttestrome
neural,an't
neural,stalwasion
neural,o'
neural,sommad
neural,gonthe
neural,betrublen
neural,thavend
neural,lassymonsive
neural,necto
neural,druthein
neural,jushattintal
neural,"isings."""
neural,ohe
neural,thund
neural,id:
neural,uposs
neural,pre'vold
neural,yout
neural,pithat
neural,oung
neural,thouslityles
neural,grectenitumpencen
neural,ons.
neural,aingince
neural,"my,"
neural,"curan,"
neural,"cusity,"
neural,hown.
neural,"at,"
neural,ireampubtuallento
neural,behadow
neural,symolus
neural,gre
neural,"ence,"
neural,"nandiday,"
neural,wic
neural,","
neural,andir
neural,dright
neural,meade
neural,fic
neural,ep
neural,"carst,"
neural,suoy
neural,themakint.
neural,thehere
neural,anatenaw
neural,"ther,"
neural,gattly
neural,saday
neural,comearstion
neural,gareiverthe
neural,squer
neural,rencts
neural,pess.
neural,"thed,"
neural,"ud,"
neural,thading
neural,evoress.
neural,desis
neural,ruten
neural,ancied
neural,aperet
neural,"ed,"
neural,"murical,"
neural,aps
neural,shis
neural,"onstards,"
neural,thisfor
neural,ofor
neural,eforns
neural,tustionly.
neural,hould
neural,gratraboatelverhe
neural,curvacention
neural,ob
neural,uphiver
neural,nes
neural,thad
neural,waspor
neural,"faind,"
neural,elplaccutim
neural,"anceasidervoy,"
neural,abse
neural,expelear
neural,usiranifulaings
neural,acts
neural,der
neural,st.
neural,nory
neural,istany
neural,thoughough
neural,"and,"
neural,ther
neural,tranno
neural,haustentt
neural,hou
neural,der
neural,weeneveres
neural,noodeso
neural,ses
neural,"th,"
neural,prolver
neural,"cameyesede,"
neural,"ow,"
neural,"arber,"
neural,trom
neural,zands
neural,"awer,"
neural,"""the"
neural,ot
neural,dabe
neural,"prompatimigne,"
neural,whe
neural,com
neural,fard
neural,copeceirt
neural,fradows
neural,bery
neural,rithe
neural,boalphy
neural,progmyseverchy
neural,weforcenes
neural,coulavenalh
neural,lonce.
neural,"had,"
neural,sompeared
neural,hadear
neural,bartly
neural,therque
neural,sentionly
neural,ovely
neural,med
neural,"haveins,"
neural,feagearely
neural,loor's
neural,wearesseen
neural,ourearstalmurearebler
neural,givinquied:
neural,thewhis
neural,"ance,"
neural,arly
neural,madestragagn
neural,maray
neural,counbor
neural,hadame
neural,anton
neural,derwass
neural,"amill,"
neural,rues
neural,ins
neural,"mose,"
neural,ther
neural,ded
neural,com
neural,nas.
neural,"nothentow,"
neural,thesselive
neural,tair
neural,hang
neural,"yourely,"
neural,eide
neural,exylocculreeksournated
neural,abs
neural,"gred,"""
neural,"forisprion,'"
neural,whic
neural,the;
neural,"been,"
neural,tand
neural,sopeatoppers
neural,"earsupone,"
neural,astioncity
neural,ravenstund
neural,dea
neural,pragain
neural,weragight
neural,abe
neural,"stain,"
neural,"was,"
neural,nes
neural,ithe
neural,"thery,"
neural,aunce
neural,"wice,"
neural,frawhe
neural,"we,"
neural,"but,"
neural,"hed,"
neural,and;
neural,sobegatme
neural,forthe
neural,farency
neural,ch
neural,dents
neural,evin
neural,pion
neural,eng
neural,ishims.
neural,hiseecte
neural,num
neural,"exty."""
neural,"""in"
neural,sixtrunge
neural,"voinfusphy,"
neural,ght.
neural,shind
neural,"incession,"
neural,"be,"
neural,sont
neural,kne
neural,crech
neural,havere
neural,pred
neural,theill
neural,fory
neural,smight
neural,werand
neural,thour
neural,ative
neural,"dently,"
neural,'betuall
neural,reved
neural,feenter
neural,ful
neural,cefook
neural,athad
neural,"und,"
neural,therestione
neural,thearand
neural,explay
neural,foovice;
neural,"""magin"
neural,und
neural,causniento
neural,dicipin
neural,homp.
neural,ings
neural,"liaught,"
neural,stioncong
neural,postaked
neural,exteng
neural,thaond
neural,beas
neural,ce;
neural,bitanoth
neural,hought
neural,ingurs
neural,dartan
neural,"dow,"
neural,beffighted
neural,theill
neural,valthe
neural,magetent
neural,werely.
neural,aled
neural,"ne,"
neural,andene
neural,bir
neural,monctereclut
neural,wein
neural,"nottegraverw,"
neural,plays.
neural,buzg
neural,drateal
neural,nowle's
neural,weribay
neural,norte.
neural,"""whaing"
neural,menew
neural,abseand
neural,"rever,"
neural,belifeeplarat
neural,aggerfult
neural,comy
neural,poiliencliamiar
neural,tionviquen
neural,arke
neural,yons
neural,thad
neural,thic
neural,toomen
neural,und
neural,aind
neural,nown
neural,thinatin
neural,entiong
neural,thentizenzy
neural,expor
neural,youdged
neural,th;
neural,"int,"
neural,dizing
neural,sid
neural,restor
neural,dethe
neural,les
neural,lappeempathe
neural,restur
neural,becture
neural,entiont
neural,hiciesuad
neural,"in,"
neural,atithing
neural,revene
neural,ins
neural,ahe
neural,cructerte
neural,sedne
neural,belsiek
neural,"ity,"
neural,pere
neural,mened;
neural,brobmy
neural,thenterwer
neural,naties
neural,gractas
neural,wakernond
neural,shusponch
neural,tentecithe
neural,","
neural,thern
neural,inttenmothe
neural,"ocks,"
neural,bign.
neural,foodly
neural,torby
neural,throake
neural,madmignsus
neural,thent
neural,bef's
neural,"ths,"
neural,exce
neural,trum
neural,wit.
neural,ittenestlen
neural,andeboosiolfore
neural,lieters
neural,"ss,"
neural,quiendlly
neural,comerly
neural,ded
neural,madvalrestoress
neural,and;
neural,cous
neural,aterterceassuby
neural,theiar
neural,nithe
neural,"gintasididentrecte,"
neural,"hound,"
neural,wakement
neural,yous
neural,"furbey,"
neural,st;
neural,qualim
neural,way.
neural,"""prown"
neural,wilerew
neural,wreme
neural,witeds
neural,imphathe
neural,ext
neural,witeres.
neural,"""se"
neural,caltrom
neural,wharrat
neural,wearen
neural,thare.
neural,ther
neural,samor
neural,incese
neural,dur
neural,scurbighor
neural,dwe
neural,mucame
neural,twor
neural,oul
neural,hationeatirad
neural,even.
neural,shonythe
neural,fould
neural,nect
neural,andamply
neural,fellaregrand
neural,"houghtsting,"
neural,beholve
neural,tratilonverce
neural,"o'"""
neural,wit;
neural,pas
neural,thent
neural,sry
neural,weety
neural,cel
neural,mangessece
neural,ten't
neural,greak
neural,ve
neural,diek
neural,whersoudy
neural,forn
neural,th.
neural,fookey
neural,"on,"
neural,"way,"
neural,"""i"
neural,lighto
neural,ineemosse
neural,const
neural,ould
neural,wif
neural,nothent
neural,wastain
neural,insing
neural,comple
neural,dre
neural,pas
neural,scallasceepe
neural,guarracts
neural,"anself,"
neural,mosced
neural,thor
neural,"pawer,"
neural,unut
neural,yous
neural,"whad"""
neural,"""alix"
neural,hathan
neural,begrazing
neural,thenceshe
neural,peche
neural,ance
neural,slexhn
neural,"yout,"
neural,aseiflandow
neural,hoperition
neural,knothill
neural,"eve,"
neural,abot
neural,wor
neural,pere
neural,"everrojectionts,"
neural,quil
neural,thabound
neural,yout
neural,eavere
neural,reallarly
neural,beep
neural,yess
neural,on.
neural,"""whe"
neural,sortappectre
neural,or;
neural,comed
neural,quing
neural,ithatimplally
neural,pne
neural,fato
neural,hface
neural,yourge
neural,"bood."""
neural,dwe
neural,und
neural,"con,"
neural,onte
neural,purnes
neural,ithemagithe
neural,trusuc
neural,ehind
neural,aftent
neural,"then,"
neural,an't
neural,ingly
neural,ot
neural,cresevousnansit
neural,peartiming
neural,"now,"
neural,lacevend
neural,whousle
neural,"sits,"
neural,waus;
neural,pawaymon
neural,tready
neural,noncent
neural,thadies
neural,ity
neural,"ast,"
neural,anieneen
neural,nare
neural,muccies
neural,wing.
neural,butme
neural,spal
neural,souggeried
neural,vand
neural,"gloe,"
neural,ence.
neural,"re,"
neural,nestualmy
neural,"thad,"
neural,yous
neural,nough
neural,thersto
neural,uthe
neural,bereartach
neural,thadearseenat
neural,ben.
neural,"""i"
neural,uny
neural,seaternions
neural,buthe
neural,thes
neural,cre
neural,ingutight
neural,ithart
neural,oced;
neural,from.
neural,mavey
neural,ned
neural,theirculd
neural,erp
neural,courruginget
neural,"behou,"
neural,"a'ibastaispask,"
neural,"""theirin"
neural,diespeave
neural,andine.
neural,baournect
neural,verchuseaccus
neural,isfulling
neural,loonves
neural,manceenin
neural,"lrity,"
neural,badinnecturnand
neural,le?
neural,yent
neural,dady
neural,thens
neural,dingeribsemaget
neural,tuoy
neural,theyoull
neural,theroortle
neural,wilarseal
neural,ginothe
neural,whe
neural,counce
neural,weligh
neural,upke
neural,hatimptand
neural,appeaten
neural,onflame
neural,youtly
neural,cousteouvourelous
neural,therse
neural,ins
neural,suds.
neural,efove
neural,wass
neural,rew
neural,oure
neural,therty
neural,satrand
neural,crogy
neural,whe
neural,aget
neural,"dres,"
neural,woursithest
neural,"thre,"
neural,thourgy
neural,"bes,"
neural,bior
neural,bour
neural,moicliefor
neural,ty
neural,"propts,"
neural,thenternow
neural,ch
neural,ition
neural,"that,"
neural,bousleactil
neural,brien
neural,"frouggly,"
neural,houlnath
neural,absay
neural,howithen
neural,thas
neural,cought
neural,hice
neural,whoultral
neural,wity
neural,somay
neural,prened
neural,forraidue
neural,ducture
neural,marty
neural,el.
neural,"nows,"
neural,derse
neural,sed
neural,lach
neural,ang
neural,theivinly
neural,pankintain
neural,upthe
neural,oick
neural,thromplad
neural,flosteng
neural,tacculd
neural,thoule
neural,"bay,"
neural,youneck
neural,"thation,"
neural,mys
neural,buty
neural,weatmers
neural,o'
neural,houninsen
neural,und
neural,ind
neural,ino
neural,pearcent.
neural,ruffersood
neural,makin
neural,flught
neural,bys
neural,byge
neural,shus
neural,toreforteritbill
neural,"swe,"
neural,yourean
neural,wra.
neural,onerwas
neural,quair;
neural,havenes.
neural,thempt
neural,odo
neural,tury
neural,wo.
neural,"whirs,"
neural,fese
neural,tweempass.
neural,hs
neural,riny
neural,stur
neural,hor
neural,younhav're
neural,ove
neural,gaingition'tf
neural,"origglod,"
neural,toprionsand
neural,macter
neural,cons
neural,cou
neural,thearrefock
neural,"belvernink,"
neural,gowell
neural,con'gre
neural,reaversoment
neural,afforist
neural,ot
neural,boyact
neural,wasoung;
neural,"""i"
neural,anythe
neural,dicudiessis
neural,tadenespird
neural,earof
neural,troment
neural,fored
neural,ther
neural,sterent
neural,"theamagered."""
neural,"niffeed,"
neural,vallike
neural,exies.
neural,ve
neural,ift
neural,oreary
neural,hiled
neural,unand
neural,fectuntendut
neural,thad
neural,thad
neural,thather
neural,therayind;
neural,ch
neural,mars
neural,bre
neural,prossin
neural,deenew
neural,tim.
neural,havelf
neural,premed
neural,veschiliche
neural,linge.
neural,wou
neural,evend
neural,thess
neural,"wiverrustleyere"""
neural,wingthe
neural,'ed
neural,befilly
neural,"gre,"
neural,voused
neural,mospose
neural,puren
neural,"efiray,"
neural,toppered
neural,lienzableake
neural,strear
neural,driand
neural,furneasepoes
neural,med
neural,lairaw;
neural,uponaliun
neural,therld
neural,ther
neural,britherwaymblateerdaymplive
neural,spespad
neural,der
neural,sompat
neural,ve
neural,inattlefely;
neural,beizeme
neural,ve
neural,ke
neural,grathe
neural,"day,"
neural,wel
neural,selifis
neural,caus
neural,andebal
neural,scong
neural,begodebraite
neural,witz
neural,"ded,"
neural,alesend
neural,thert.
vanilla,madd
vanilla,proul
vanilla,godeaso
vanilla,bact
vanilla,bratmom
vanilla,halin
vanilla,winctoody
vanilla,magoo
vanilla,musto
vanilla,unt
vanilla,ind
vanilla,","
vanilla,ingstables
vanilla,thours
vanilla,ch
vanilla,los
vanilla,feverege
vanilla,trals
vanilla,salonvery
vanilla,morness
vanilla,","
vanilla,inalf
vanilla,solemome
vanilla,sto
vanilla,tained
vanilla,","
vanilla,awit
vanilla,suppirequellegight
vanilla,musight
vanilla,earp
vanilla,'n't
vanilla,thert
vanilla,ner
vanilla,","
vanilla,bracturried
vanilla,","
vanilla,'
vanilla,garemon
vanilla,togno
vanilla,tond
vanilla,thavergatily
vanilla,pe
vanilla,fich
vanilla,","
vanilla,inge
vanilla,otion
vanilla,.
vanilla,atencts
vanilla,dusubjectishat
vanilla,ch
vanilla,anits
vanilla,linto
vanilla,marthe
vanilla,ed
vanilla,theamp
vanilla,","
vanilla,postingent
vanilla,upose
vanilla,agual
vanilla,anat
vanilla,homand
vanilla,ve
vanilla,sem
vanilla,itin
vanilla,ely
vanilla,por
vanilla,hathence
vanilla,ific
vanilla,crom
vanilla,sored
vanilla,deng
vanilla,testred
vanilla,lixts
vanilla,.
vanilla,vince
vanilla,pre
vanilla,whichich
vanilla,aftely
vanilla,youghtly
vanilla,friss
vanilla,hoaterd
vanilla,whichilded
vanilla,upiek
vanilla,","
vanilla,des
vanilla,wout
vanilla,bootteatifis
vanilla,","
vanilla,hinind
vanilla,ther
vanilla,foungto
vanilla,fre
vanilla,afen
vanilla,cievermaccor
vanilla,arnal
vanilla,norwardy
vanilla,pressionchareed
vanilla,sto
vanilla,thic
vanilla,","
vanilla,wity
vanilla,exprow
vanilla,;
vanilla,pentris
vanilla,ch
vanilla,.
vanilla,nefung
vanilla,duche
vanilla,oxionsad
vanilla,chiptigh
vanilla,","
vanilla,withatiffeland
vanilla,;
vanilla,priveriall
vanilla,","
vanilla,hady
vanilla,taind
vanilla,","
vanilla,fordle
vanilla,ang
vanilla,que
vanilla,promed
vanilla,whound
vanilla,spon
vanilla,briveget
vanilla,","
vanilla,'s
vanilla,.
vanilla,boug
vanilla,whiloond
vanilla,irsead
vanilla,blivigh
vanilla,reepted
vanilla,obt
vanilla,derdis
vanilla,lenothers
vanilla,","
vanilla,","
vanilla,blaccum
vanilla,carticas
vanilla,mandistrion
vanilla,gaildres
vanilla,","
vanilla,blesse
vanilla,marte
vanilla,sagusney
vanilla,froat
vanilla,inis
vanilla,nothat
vanilla,.
vanilla,youlth
vanilla,","
vanilla,sounk
vanilla,.
vanilla,andieflethimor
vanilla,bect
vanilla,dithe
vanilla,faremen
vanilla,morst
vanilla,","
vanilla,evercithich
vanilla,haticips
vanilla,hameakingle
vanilla,.
vanilla,","
vanilla,''
vanilla,ageser
vanilla,dailming
vanilla,sellontly
vanilla,ung
vanilla,theagentan
vanilla,possuchilivesessice
vanilla,ment
vanilla,wiling
vanilla,upeopuld
vanilla,hushicat
vanilla,.
vanilla,jah
vanilla,","
vanilla,wheed
vanilla,ited
vanilla,","
vanilla,;
vanilla,speaseme
vanilla,theldin
vanilla,andingend
vanilla,ishe
vanilla,therst
vanilla,.
vanilla,'tharazzy
vanilla,","
vanilla,irdom
vanilla,dreabrom
vanilla,hucie
vanilla,ot
vanilla,","
vanilla,bouthere
vanilla,","
vanilla,triagot
vanilla,indere
vanilla,yound
vanilla,yould
vanilla,ouresece
vanilla,cated
vanilla,elubble
vanilla,;
vanilla,hicher
vanilla,wity
vanilla,dings
vanilla,thery
vanilla,deouted
vanilla,maked
vanilla,swaliethaps
vanilla,ceme
vanilla,","
vanilla,pich
vanilla,soll
vanilla,hescot
vanilla,","
vanilla,wor
vanilla,cred
vanilla,butere
vanilla,peertmoushe
vanilla,hich
vanilla,whis
vanilla,summeave
vanilla,althe
vanilla,livere
vanilla,loweed
vanilla,melisk
vanilla,thabowes
vanilla,;
vanilla,thous
vanilla,expecomene
vanilla,cre
vanilla,le
vanilla,nou
vanilla,inerehost
vanilla,ard
vanilla,strabay
vanilla,.
vanilla,thating
vanilla,gle
vanilla,lins
vanilla,.
vanilla,dien
vanilla,fes
vanilla,alook
vanilla,.
vanilla,crinat
vanilla,frompe
vanilla,oced
vanilla,gand
vanilla,n't
vanilla,alth
vanilla,","
vanilla,shordley
vanilla,.
vanilla,nown
vanilla,fifte
vanilla,mom
vanilla,hous
vanilla,larst
vanilla,","
vanilla,carendualled
vanilla,conighty
vanilla,breackclaws
vanilla,","
vanilla,","
vanilla,haing
vanilla,;
vanilla,powe
vanilla,fithommorturibeem
vanilla,yethe
vanilla,poicieningurked
vanilla,eand
vanilla,lowescoment
vanilla,huttes
vanilla,tragiva
vanilla,factiody
vanilla,ext
vanilla,oneed
vanilla,acks
vanilla,yought
vanilla,und
vanilla,gods
vanilla,thatea
vanilla,","
vanilla,ity
vanilla,soccur
vanilla,;
vanilla,muce
vanilla,vild
vanilla,hills
vanilla,oritly
vanilla,haped
vanilla,whown
vanilla,;
vanilla,bety
vanilla,risint
vanilla,newer
vanilla,beephe
vanilla,posidection
vanilla,himall
vanilla,.
vanilla,ith
vanilla,menseemend
vanilla,''
vanilla,com
vanilla,","
vanilla,dated
vanilla,","
vanilla,","
vanilla,dify
vanilla,.
vanilla,gle
vanilla,wincomplin
vanilla,oned
vanilla,afertiver
vanilla,sailaits
vanilla,cathat
vanilla,proareato
vanilla,epen
vanilla,","
vanilla,rof
vanilla,com
vanilla,;
vanilla,buthunit
vanilla,enox
vanilla,achave
vanilla,mespondy
vanilla,iterwake
vanilla,","
vanilla,forsend
vanilla,thads
vanilla,","
vanilla,ithe
vanilla,therly
vanilla,.
vanilla,lieurs
vanilla,ends
vanilla,syst
vanilla,;
vanilla,tows
vanilla,everishen
vanilla,formad
vanilla,isions
vanilla,","
vanilla,awas
vanilla,froathe
vanilla,samosed
vanilla,therissis
vanilla,inot
vanilla,propertione
vanilla,camerights
vanilla,scurt
vanilla,ecith
vanilla,crues
vanilla,ond
vanilla,som
vanilla,","
vanilla,ral
vanilla,","
vanilla,thichat
vanilla,ity
vanilla,ang
vanilla,","
vanilla,standmend
vanilla,aff
vanilla,les
vanilla,thretatualat
vanilla,.
vanilla,whicusearsespectillut
vanilla,.
vanilla,usleat
vanilla,akink
vanilla,le
vanilla,valrews
vanilla,thad
vanilla,improphoull
vanilla,onshme
vanilla,ther
vanilla,facred
vanilla,mitericam
vanilla,thariviold
vanilla,plart
vanilla,ved
vanilla,","
vanilla,ang
vanilla,angrand
vanilla,stly
vanilla,;
vanilla,attle
vanilla,","
vanilla,thoorthe
vanilla,stiam
vanilla,.
vanilla,ance
vanilla,gratainincelit
vanilla,teleged
vanilla,thfus
vanilla,afenal
vanilla,","
vanilla,happarne
vanilla,.
vanilla,ithat
vanilla,giringthised
vanilla,alguilsone
vanilla,ity
vanilla,poo
vanilla,sperew
vanilla,yough
vanilla,spis
vanilla,","
vanilla,wor
vanilla,warld
vanilla,thead
vanilla,","
vanilla,eated
vanilla,agarde
vanilla,","
vanilla,ider
vanilla,hoserst
vanilla,","
vanilla,eanding
vanilla,paseopicat
vanilla,ands
vanilla,.
vanilla,thele
vanilla,le
vanilla,","
vanilla,daywhouthers
vanilla,","
vanilla,intere
vanilla,upoird
vanilla,.
vanilla,hime
vanilla,camrs
vanilla,befrower
vanilla,remetwin
vanilla,.
vanilla,med
vanilla,whiste
vanilla,stanke
vanilla,alch
vanilla,gou
vanilla,wayet
vanilla,whe
vanilla,susiblamorethead
vanilla,woory
vanilla,ung
vanilla,lippose
vanilla,.
vanilla,hich
vanilla,","
vanilla,'s
vanilla,hadis
vanilla,mous
vanilla,forwas
vanilla,sto
vanilla,crepagared
vanilla,saind
vanilla,ke
vanilla,.
vanilla,thadmatere
vanilla,.
vanilla,thathe
vanilla,berid
vanilla,swes
vanilla,","
vanilla,ithent
vanilla,whis
vanilla,","
vanilla,alta
vanilla,thad
vanilla,.
vanilla,palovently
vanilla,ong
vanilla,sters
vanilla,jusencides
vanilla,beemeath
vanilla,jus
vanilla,heyessibly
vanilla,?
vanilla,mighbor
vanilla,goider
vanilla,bre
vanilla,gly
vanilla,lecte
vanilla,arts
vanilla,frompecouddeariarmilecoulted
vanilla,hors
vanilla,.
vanilla,monly
vanilla,amigy
vanilla,","
vanilla,thaded
vanilla,","
vanilla,ins
vanilla,comillems
vanilla,oure
vanilla,","
vanilla,anin
vanilla,mis
vanilla,;
vanilla,antiong
vanilla,waympong
vanilla,.
vanilla,whery
vanilla,thand
vanilla,","
vanilla,anand
vanilla,bento
vanilla,thisceir
vanilla,med
vanilla,andiand
vanilla,tas
vanilla,witairs
vanilla,nity
vanilla,miried
vanilla,fliket
vanilla,earmea
vanilla,.
vanilla,thadeeme
vanilla,nothe
vanilla,","
vanilla,campatteryphy
vanilla,cratental
vanilla,thavotwoungley
vanilla,comention
vanilla,tharn
vanilla,","
vanilla,becrieftemand
vanilla,","
vanilla,hise
vanilla,ence
vanilla,pre
vanilla,youghts
vanilla,anithe
vanilla,le
vanilla,fernie
vanilla,terim
vanilla,","
vanilla,pre
vanilla,n't
vanilla,.
vanilla,truchopecancing
vanilla,magover
vanilla,inall
vanilla,ble
vanilla,pathernery
vanilla,haution
vanilla,vreas
vanilla,gress
vanilla,sau
vanilla,cout
vanilla,.
vanilla,butong
vanilla,deckne
vanilla,'
vanilla,laregrach
vanilla,thal
vanilla,ses
vanilla,","
vanilla,clifilegaboostat
vanilla,whican
vanilla,frox
vanilla,","
vanilla,witimall
vanilla,twoung
vanilla,daysem
vanilla,","
vanilla,andow
vanilla,gened
vanilla,sto
vanilla,ded
vanilla,supold
vanilla,''
vanilla,ned
vanilla,","
vanilla,ain
vanilla,ontir
vanilla,fecte
vanilla,buted
vanilla,ance
vanilla,undont
vanilla,coment
vanilla,fieve
vanilla,wandego
vanilla,","
vanilla,shings
vanilla,dispen
vanilla,welle
vanilla,aticke
vanilla,ve
vanilla,","
vanilla,abland
vanilla,onspire
vanilla,poodep
vanilla,afterst
vanilla,wormighat
vanilla,antall
vanilla,froverous
vanilla,beir
vanilla,expecoccon
vanilla,;
vanilla,''
vanilla,aftented
vanilla,throusassionsand
vanilla,","
vanilla,daysee
vanilla,upoloom
vanilla,inforthartentalosibly
vanilla,oughthilty
vanilla,lon
vanilla,scourstrink
vanilla,","
vanilla,thown
vanilla,''
vanilla,:
vanilla,derver
vanilla,ract
vanilla,youghtelf
vanilla,glosmayst
vanilla,things
vanilla,iscuty
vanilla,","
vanilla,siognall
vanilla,rechmers
vanilla,.
vanilla,ve
vanilla,anymoneetang
vanilla,ifit
vanilla,foode
vanilla,coresch
vanilla,sprepere
vanilla,itsivioulcome
vanilla,.
vanilla,brumpled
vanilla,unly
vanilla,ble
vanilla,des
vanilla,eare
vanilla,.
vanilla,stsed
vanilla,","
vanilla,onisenotiatencears
vanilla,inglithe
vanilla,ot
vanilla,anits
vanilla,intobe
vanilla,nalme
vanilla,befe
vanilla,aspillenown
vanilla,whersickly
vanilla,``
vanilla,yough
vanilla,thinciphy
vanilla,fregromy
vanilla,havaderibleceemple
vanilla,ind
vanilla,''
vanilla,nown
vanilla,'s
vanilla,","
vanilla,watter
vanilla,","
vanilla,pris
vanilla,arteme
vanilla,lighte
vanilla,thinkno
vanilla,hany
vanilla,exhien
vanilla,ple
vanilla,saderablant
vanilla,appre
vanilla,withend
vanilla,vabs
vanilla,lirep
vanilla,courina
vanilla,gacips
vanilla,cleass
vanilla,sufferid
vanilla,tonsping
vanilla,med
vanilla,wores
vanilla,sposummoreve
vanilla,dambeen
vanilla,abot
vanilla,frof
vanilla,ance
vanilla,''
vanilla,aguarges
vanilla,moich
vanilla,nich
vanilla,.
vanilla,'s
vanilla,crailiken
vanilla,.
vanilla,acent
vanilla,therect
vanilla,.
vanilla,fantestain
vanilla,lur
vanilla,monerflopeste
vanilla,thiche
vanilla,.
vanilla,suceng
vanilla,cationly
vanilla,.
vanilla,chis
vanilla,innivids
vanilla,fouggems
vanilla,durbitit
vanilla,sainconest
vanilla,.
vanilla,nobbars
vanilla,ther
vanilla,waread
vanilla,whorearcuse
vanilla,.
vanilla,.
vanilla,'s
vanilla,parectenmency
vanilla,ind
vanilla,byse
vanilla,featerseto
vanilla,stessacted
vanilla,caugs
vanilla,rele
vanilla,whostin
vanilla,pingetainintery
vanilla,hicinfusionot
vanilla,periontershourept
vanilla,inged
vanilla,camillighouravoloo
vanilla,samind
vanilla,shabod
vanilla,rell
vanilla,adren
vanilla,smated
vanilla,disless
vanilla,whire
vanilla,enting
vanilla,mands
vanilla,im
vanilla,uptip
vanilla,.
vanilla,woulove
vanilla,","
vanilla,couggland
vanilla,.
vanilla,fres
vanilla,thand
vanilla,","
vanilla,.
vanilla,ould
vanilla,migh
vanilla,","
vanilla,''
vanilla,rearre
vanilla,ous
vanilla,nown
vanilla,awas
vanilla,rome
vanilla,combrimed
vanilla,nom
vanilla,","
vanilla,hor
vanilla,ininglont
vanilla,","
vanilla,discogglip
vanilla,intaradeouland
vanilla,","
vanilla,lach
vanilla,moneseal
vanilla,muselloyin
vanilla,","
vanilla,crut
vanilla,eak
vanilla,feeks
vanilla,wery
vanilla,troseastake
vanilla,ouprovered
vanilla,opersert
vanilla,?
vanilla,'
vanilla,ine
vanilla,","
vanilla,ance
vanilla,insiond
vanilla,gorne
vanilla,uncer
vanilla,ditherstry
vanilla,","
vanilla,thignargrehe
vanilla,fainight
vanilla,uponst
vanilla,","
vanilla,mosquireweedien
vanilla,'
vanilla,cumad
vanilla,len
vanilla,ciew
vanilla,ineavoth
vanilla,thris
vanilla,elon
vanilla,thartim
vanilla,whow
vanilla,marthe
vanilla,whis
vanilla,sposent
vanilla,toget
vanilla,","
vanilla,whe
vanilla,.
vanilla,","
vanilla,und
vanilla,beger
vanilla,mearbes
vanilla,nothe
vanilla,sed
vanilla,swovey
vanilla,faccong
vanilla,gling
vanilla,scrato
vanilla,remattrien
vanilla,bodde
vanilla,","
vanilla,buter
vanilla,taidepich
vanilla,warrembary
vanilla,disly
vanilla,dies
vanilla,tham
vanilla,thust
vanilla,nin
vanilla,","
vanilla,ine
vanilla,ver
vanilla,","
vanilla,'
vanilla,sucke
vanilla,shadnigning
vanilla,hessingle
vanilla,whe
vanilla,pring
vanilla,stilse
vanilla,;
vanilla,expecteliff
vanilla,tud
vanilla,shoreves
vanilla,","
vanilla,stimentine
vanilla,atenst
vanilla,","
vanilla,ity
vanilla,","
vanilla,wards
vanilla,thers
vanilla,exhips
vanilla,fours
vanilla,ocks
vanilla,buit
vanilla,.
vanilla,thomphad
vanilla,gragreiver
vanilla,racensiderd
vanilla,pircurinuty
vanilla,bearseithe
vanilla,ve
vanilla,wilen
vanilla,hisgrost
vanilla,pas
vanilla,upow
vanilla,huremorm
vanilla,thery
vanilla,mabods
vanilla,thatenexpled
vanilla,ency
vanilla,whe
vanilla,beced
vanilla,frould
vanilla,theyoudings
vanilla,seld
vanilla,coozurs
vanilla,insup
vanilla,les
vanilla,orrit
vanilla,","
vanilla,","
vanilla,mucks
vanilla,","
vanilla,mosecrene
vanilla,que
vanilla,ong
vanilla,onefortan
vanilla,thestricheially
vanilla,","
vanilla,wents
vanilla,.
vanilla,hisercurs
vanilla,fland
vanilla,mins
vanilla,dy
vanilla,parlach
vanilla,nover
vanilla,reandken
vanilla,?
vanilla,destainnet
vanilla,pidern
vanilla,thery
vanilla,forringur
vanilla,.
vanilla,ther
vanilla,tininne
vanilla,iread
vanilla,thentown
vanilla,thre
vanilla,subtally
vanilla,","
vanilla,lignateretiontic
vanilla,","
vanilla,esibearight
vanilla,amessen
vanilla,bled
vanilla,shroperve
vanilla,jusiting
vanilla,","
vanilla,dord
vanilla,ifear
vanilla,trithe
vanilla,.
vanilla,thaveherecally
vanilla,","
vanilla,becelf
vanilla,sto
vanilla,pe
vanilla,rened
vanilla,thal
vanilla,ningred
vanilla,brom
vanilla,thancy
vanilla,frop
vanilla,.
vanilla,``
vanilla,``
vanilla,dard
vanilla,","
vanilla,dithemor
vanilla,","
vanilla,mented
vanilla,thend
vanilla,","
vanilla,handown
vanilla,?
vanilla,'s
vanilla,.
vanilla,oling
vanilla,thearster
vanilla,momazz
vanilla,","
vanilla,remockingess
vanilla,faing
vanilla,","
vanilla,feeme
vanilla,shumberther
vanilla,wory
vanilla,jought
vanilla,chers
vanilla,ould
vanilla,","
vanilla,antmor
vanilla,trouland
vanilla,weremeraves
vanilla,nalls
vanilla,ch
vanilla,;
vanilla,majeclut
vanilla,beizabriusly
vanilla,anditch
vanilla,bugh
vanilla,unexpearty
vanilla,thoperit
vanilla,offunt
vanilla,eur
vanilla,ths
vanilla,revic
vanilla,aus
vanilla,.
vanilla,fingester
vanilla,cife
vanilla,'d
vanilla,maincery
vanilla,agension
vanilla,sund
vanilla,famend
vanilla,groc
vanilla,muchouty
vanilla,puldeoureplas
vanilla,cont
vanilla,camed
vanilla,deadint
vanilla,worech
vanilla,gilload
vanilla,latte
vanilla,bew
vanilla,ony
vanilla,belige
vanilla,","
vanilla,atic
vanilla,.
vanilla,whousescifect
vanilla,ty
vanilla,.
vanilla,whimersesery
vanilla,.
vanilla,yout
vanilla,rounday
vanilla,whopear
vanilla,docireelay
vanilla,","
vanilla,iffecroones
vanilla,","
vanilla,appes
vanilla,readly
vanilla,souratigirly
vanilla,","
vanilla,coursphathe
vanilla,fropeas
vanilla,.
vanilla,therproughtfutuoureems
vanilla,viout
vanilla,exceep
vanilla,iny
vanilla,brold
vanilla,tilet
vanilla,docklir
vanilla,whis
vanilla,agueb
vanilla,ancerfrom
vanilla,sne
vanilla,.
vanilla,yehilmeak
vanilla,cron
vanilla,res
vanilla,oreget
vanilla,liquall
vanilla,aciessible
vanilla,des
vanilla,.
vanilla,bared
vanilla,aborneretark
vanilla,itte
vanilla,abid
vanilla,;
vanilla,ifeethe
vanilla,whou
vanilla,thatingtheyes
vanilla,tionts
vanilla,mans
vanilla,.
vanilla,gazzed
vanilla,thichave
vanilla,combeethe
vanilla,","
vanilla,isce
vanilla,wortioncy
vanilla,lidentereards
vanilla,ent
vanilla,betilled
vanilla,ithean
vanilla,","
vanilla,","
vanilla,.
vanilla,succe
vanilla,priew
vanilla,wou
vanilla,beend
vanilla,syme
vanilla,porrif
vanilla,univeret
vanilla,poin
vanilla,vinsur
vanilla,.
vanilla,inglibbiz
vanilla,","
vanilla,ven
vanilla,objecten
vanilla,suffind
vanilla,cout
vanilla,thess
vanilla,","
vanilla,andubjectived
vanilla,theng
vanilla,","
vanilla,whis
vanilla,whe
vanilla,emad
vanilla,gaimang
vanilla,theameadower
vanilla,yonatup
vanilla,holux
vanilla,noung
vanilla,pord
vanilla,oreave
vanilla,ack
vanilla,aneforrove
vanilla,","
vanilla,wasimay
vanilla,yeare
vanilla,fors
vanilla,","
vanilla,membe
vanilla,","
vanilla,ins
vanilla,louddis
vanilla,hadman
vanilla,hime
vanilla,ments
vanilla,.
vanilla,noth
vanilla,;
vanilla,","
vanilla,ning
vanilla,usidiumad
vanilla,thead
vanilla,almois
vanilla,","
vanilla,accurred
vanilla,querriess
vanilla,wittle
vanilla,thad
vanilla,dersentrelinge
vanilla,","
vanilla,;
vanilla,aneandent
vanilla,","
vanilla,kneamones
vanilla,ittimpok
vanilla,.
vanilla,``
vanilla,yousterstfor
vanilla,thateld
vanilla,ony
vanilla,","
vanilla,nothe
vanilla,aided
vanilla,","
vanilla,","
vanilla,dupoptur
vanilla,","
vanilla,.
vanilla,","
vanilla,","
vanilla,atioutedo
vanilla,expeateressudderappichavoin
vanilla,uple
vanilla,mase
vanilla,hicatione
vanilla,mom
vanilla,","
vanilla,rawly
vanilla,","
vanilla,comiand
vanilla,invisompad
vanilla,papeetance
vanilla,loult
vanilla,gruged
vanilla,","
vanilla,rem
vanilla,''
vanilla,printiourly
vanilla,calift
vanilla,wass
vanilla,wasmaked
vanilla,rome
vanilla,ithimeniond
vanilla,.
vanilla,cuty
vanilla,eragoome
vanilla,wercurn
vanilla,","
vanilla,maing
vanilla,argereen
vanilla,fromphe
vanilla,hation
vanilla,hiciews
vanilla,cul
vanilla,blaken
vanilla,.
vanilla,``
vanilla,.
vanilla,``
vanilla,","
vanilla,","
vanilla,fron
vanilla,ang
vanilla,butich
vanilla,entale
vanilla,migniard
vanilla,","
vanilla,ittem
vanilla,beit
vanilla,onis
vanilla,","
vanilla,anniumblet
vanilla,framandoutt
vanilla,thoed
vanilla,unknowanque
vanilla,le
vanilla,bently
vanilla,wity
vanilla,maguiretter
vanilla,","
vanilla,pubt
vanilla,.
vanilla,thatimerin
vanilla,","
vanilla,der
vanilla,puffinares
vanilla,goir
vanilla,bruffel
vanilla,","
vanilla,wor
vanilla,curinfulto
vanilla,preat
vanilla,vathe
vanilla,rept
vanilla,liginvits
vanilla,;
vanilla,inating
vanilla,theare
vanilla,lont
vanilla,","
vanilla,andentmargave
vanilla,twoung
vanilla,theranced
vanilla,thersenjoyagre
vanilla,theaknoureverver
vanilla,poic
vanilla,hein
vanilla,","
vanilla,dreeme
vanilla,grive
vanilla,.
vanilla,'
vanilla,cibled
vanilla,","
vanilla,thereaccame
vanilla,anot
vanilla,dy
vanilla,","
vanilla,ithed
vanilla,","
vanilla,``
vanilla,int
vanilla,","
vanilla,oupow
vanilla,'ome
vanilla,inkse
vanilla,worecandessat
vanilla,dria
vanilla,est
vanilla,thearm
vanilla,ats
vanilla,","
vanilla,theyoulthe
vanilla,hed
vanilla,buttent
vanilla,.
vanilla,","
vanilla,andeat
vanilla,reposse
vanilla,","
vanilla,","
vanilla,","
vanilla,ther
vanilla,;
vanilla,biligh
vanilla,ence
vanilla,imil
vanilla,rearrew
vanilla,ciout
vanilla,hiniatent
vanilla,sprelly
vanilla,strainablianded
vanilla,fuld
vanilla,himal
vanilla,.
vanilla,knothe
vanilla,hopecters
vanilla,","
vanilla,imits
vanilla,pas
vanilla,","
vanilla,indemake
vanilla,rin
vanilla,thostimps
vanilla,smages
vanilla,ther
vanilla,glefor
vanilla,","
vanilla,sained
vanilla,ouregile
vanilla,pelto
vanilla,","
vanilla,whoure
vanilla,dishot
vanilla,abough
vanilla,maing
vanilla,iterhatiolled
vanilla,suddect
vanilla,sto
vanilla,emad
vanilla,caughted
vanilla,ack
vanilla,yould
vanilla,;
vanilla,alatty
vanilla,","
vanilla,ablind
vanilla,murseells
vanilla,nobale
vanilla,ste
vanilla,cals
vanilla,lagazy
vanilla,voll
vanilla,","
vanilla,thers
vanilla,istles
vanilla,","
vanilla,pre
vanilla,wifty
vanilla,lovaused
vanilla,taines
vanilla,","
vanilla,appieve
vanilla,prom
vanilla,thathe
vanilla,amed
vanilla,pette
vanilla,quithe
vanilla,coverwour
vanilla,.
vanilla,thopea
vanilla,moutuch
vanilla,persers
vanilla,frets
vanilla,.
vanilla,astions
vanilla,ord
vanilla,haloness
vanilla,","
vanilla,poustre
vanilla,arigurb
vanilla,","
vanilla,mazzled
vanilla,magan
vanilla,curvasione
vanilla,doet
vanilla,diat
vanilla,;
vanilla,suffew
vanilla,thabey
vanilla,","
vanilla,''
vanilla,aftepost
vanilla,afte
vanilla,cle
vanilla,cithen
vanilla,oved
vanilla,","
vanilla,spandestakin
vanilla,muld
vanilla,drits
vanilla,ancir
vanilla,highatand
vanilla,nalin
vanilla,sposto
vanilla,redgerand
vanilla,","
vanilla,ancearmitchim
vanilla,","
vanilla,foraing
vanilla,mes
vanilla,","
vanilla,istern
vanilla,heard
vanilla,impnestake
vanilla,ande
vanilla,","
vanilla,hou
vanilla,apenvulask
vanilla,wor
vanilla,.
vanilla,mur
vanilla,","
vanilla,waked
vanilla,","
vanilla,afroot
vanilla,foultly
vanilla,","
vanilla,doesely
vanilla,le
vanilla,wers
vanilla,blifich
vanilla,ares
vanilla,joinficiabod
vanilla,.
vanilla,fornscoringly
vanilla,proveretir
vanilla,hilid
vanilla,gersolate
vanilla,.
vanilla,whipow
vanilla,extrest
vanilla,fait
vanilla,'ly
vanilla,prithencle
vanilla,","
vanilla,wases
vanilla,barly
vanilla,inger
vanilla,hatur
vanilla,;
vanilla,","
vanilla,","
vanilla,res
vanilla,ficapproresten
vanilla,","
vanilla,deartemito
vanilla,frien
vanilla,.
vanilla,''
vanilla,.
vanilla,brencor
vanilla,intow
vanilla,theake
vanilla,oing
vanilla,qual
vanilla,.
vanilla,comple
vanilla,hadegir
vanilla,roked
vanilla,","
vanilla,thein
vanilla,","
vanilla,whe
vanilla,hatatiost
vanilla,","
vanilla,haton
vanilla,''
vanilla,thed
vanilla,wil
vanilla,foon
vanilla,thery
vanilla,paue
vanilla,.
vanilla,'d
vanilla,rummought
vanilla,ther
vanilla,wastran
vanilla,houning
vanilla,appearot
vanilla,uput
vanilla,waskitte
vanilla,diddled
vanilla,yessels
vanilla,thisk
vanilla,ch
vanilla,athiddess
vanilla,wits
vanilla,frun
vanilla,uponewan
vanilla,trusuch
vanilla,theit
vanilla,co
vanilla,sheyed
vanilla,adis
vanilla,gences
vanilla,pers
vanilla,ationly
vanilla,thespenitenthe
vanilla,ivaing
vanilla,","
vanilla,wrogn
vanilla,mom
vanilla,frompecre
vanilla,butended
vanilla,nescow
vanilla,sus
vanilla,orknoistudge
vanilla,","
vanilla,.
vanilla,com
vanilla,whic
vanilla,som
vanilla,ang
vanilla,","
vanilla,weres
vanilla,notheraventicullead
vanilla,","
vanilla,terety
vanilla,","
vanilla,sicaugholace
vanilla,ther
vanilla,ande
vanilla,ble
vanilla,;
vanilla,risfaras
vanilla,.
vanilla,dreed
vanilla,lectin
vanilla,whadong
vanilla,slude
vanilla,rachad
vanilla,spinues
vanilla,ordis
vanilla,foreadver
vanilla,hisarinor
vanilla,ainge
vanilla,res
vanilla,spentake
vanilla,hemoreauthe
vanilla,consur
vanilla,fes
vanilla,.
vanilla,thester
vanilla,itin
vanilla,'glan
vanilla,ance
vanilla,tond
vanilla,","
vanilla,beft
vanilla,vello
vanilla,goond
vanilla,seng
vanilla,int
vanilla,nowfulted
vanilla,mys
vanilla,thouner
vanilla,foreent
vanilla,batim
vanilla,","
vanilla,aintionat
vanilla,","
vanilla,beaspily
vanilla,","
vanilla,","
vanilla,buthad
vanilla,","
vanilla,.
vanilla,'
vanilla,``
vanilla,youdeshelictib
vanilla,onever
vanilla,","
vanilla,whoned
vanilla,flou
vanilla,.
vanilla,ths
vanilla,thaded
vanilla,haduress
vanilla,.
vanilla,rold
vanilla,theing
vanilla,whe
vanilla,parder
vanilla,druldre
vanilla,sayesso
vanilla,beentrablebaceight
vanilla,frine
vanilla,derearme
vanilla,int
vanilla,wre
vanilla,dester
vanilla,anderve
vanilla,wased
vanilla,tes
vanilla,hed
vanilla,weires
vanilla,ot
vanilla,","
vanilla,eards
vanilla,oll
vanilla,","
vanilla,peridde
vanilla,thes
vanilla,ful
vanilla,ation
vanilla,evente
vanilla,mest
vanilla,drom
vanilla,shart
vanilla,ader
vanilla,thed
vanilla,mintlet
vanilla,len
vanilla,wought
vanilla,oatic
vanilla,ind
vanilla,crand
vanilla,paing
vanilla,ther
vanilla,:
vanilla,constrabbse
vanilla,.
vanilla,thous
vanilla,gaintibland
vanilla,uppecall
vanilla,ded
vanilla,","
vanilla,paps
vanilla,dideveriestow
vanilla,.
vanilla,``
vanilla,thed
vanilla,beeprifives
vanilla,;
vanilla,surece
vanilla,exper
vanilla,","
vanilla,aninvound
vanilla,","
vanilla,woulf
vanilla,artly
vanilla,bourstelifullovery
vanilla,guen
vanilla,reems
vanilla,serrevisaying
vanilla,lips
vanilla,fuld
vanilla,dinten
vanilla,makedin
vanilla,nottander
vanilla,'s
vanilla,thadinedged
vanilla,attelf
vanilla,der
vanilla,therminds
vanilla,","
vanilla,ind
vanilla,itermy
vanilla,yealeasicand
vanilla,unly
vanilla,hisheld
vanilla,hinto
vanilla,memblown
vanilla,bre
vanilla,wits
vanilla,somay
vanilla,thist
vanilla,woutioned
vanilla,degredick
vanilla,","
vanilla,soll
vanilla,maind
vanilla,obeen
vanilla,forthentabot
vanilla,","
vanilla,ollivernowe
vanilla,","
vanilla,ofing
vanilla,fearand
vanilla,wate
vanilla,thery
vanilla,","
vanilla,hads
vanilla,baymot
vanilla,","
vanilla,theiny
vanilla,lor
vanilla,pearightme
vanilla,onveripperch
vanilla,comeme
vanilla,","
vanilla,hencon
vanilla,","
vanilla,yelwas
vanilla,chistus
vanilla,","
vanilla,properrim
vanilla,whoged
vanilla,hout
vanilla,agunot
vanilla,.
vanilla,beetted
vanilla,seet
vanilla,thery
vanilla,sheme
vanilla,ch
vanilla,.
vanilla,hempery
vanilla,","
vanilla,forous
vanilla,inselegroremeneturn
vanilla,","
vanilla,ithand
vanilla,thounce
vanilla,dre
vanilla,.
vanilla,prompent
vanilla,agention
vanilla,sumstreetionswoung
vanilla,thatere
vanilla,","
vanilla,ardese
vanilla,reat
vanilla,fectakincellarithave
vanilla,vad
vanilla,harthelen
vanilla,antured
vanilla,pulonartmettedidd
vanilla,thertim
vanilla,uturbe
vanilla,med
vanilla,whicamought
vanilla,bil
vanilla,","
vanilla,yage
vanilla,bizardist
vanilla,thimme
vanilla,","
vanilla,thoods
vanilla,rods
vanilla,","
vanilla,:
vanilla,succanion
vanilla,plancepably
vanilla,spers
vanilla,","
vanilla,trayssuchom
vanilla,notime
vanilla,meme
vanilla,weentanobotiout
vanilla,.
vanilla,propention
vanilla,ve
vanilla,hatin
vanilla,yourappeld
vanilla,","
vanilla,alivereame
vanilla,zelve
vanilla,cein
vanilla,sudimestakilenta
vanilla,procced
vanilla,","
vanilla,notioun
vanilla,witast
vanilla,trand
vanilla,whisoon
vanilla,.
vanilla,hisir
vanilla,andy
vanilla,","
vanilla,coulderwas
vanilla,frong
vanilla,sout
vanilla,coustry
vanilla,seenjoy
vanilla,fach
vanilla,fichavennsiddelern
vanilla,witly
vanilla,.
vanilla,grem
vanilla,","
vanilla,ch
vanilla,oname
vanilla,unne
vanilla,dizon
vanilla,","
vanilla,cas
vanilla,fle
vanilla,thad
vanilla,","
vanilla,eved
vanilla,hispe
vanilla,meths
vanilla,.
vanilla,le
vanilla,","
vanilla,sions
vanilla,reartice
vanilla,","
vanilla,mispir
vanilla,int
vanilla,.
vanilla,andeso
vanilla,areple
vanilla,birestrich
vanilla,","
vanilla,ressid
vanilla,ther
vanilla,.
vanilla,pancest
vanilla,","
vanilla,siturs
vanilla,scruchfouldit
vanilla,'s
vanilla,brevin
vanilla,millast
vanilla,frep
vanilla,whad
vanilla,.
vanilla,lience
vanilla,thould
vanilla,estorest
vanilla,thed
vanilla,.
vanilla,mons
vanilla,haidwaybe
vanilla,.
vanilla,noom
vanilla,oforld
vanilla,","
vanilla,wity
vanilla,?
vanilla,ithe
vanilla,pectingrantele
vanilla,wassaysenean
vanilla,ginut
vanilla,alles
vanilla,","
vanilla,opently
vanilla,","
vanilla,tweiver
vanilla,.
vanilla,everwithe
vanilla,somy
vanilla,ims
vanilla,thaticeiva
vanilla,yould
vanilla,pontilin
vanilla,thad
vanilla,.
